<annotation>
	<folder>images</folder>
	<filename>7.jpg</filename>
	<path>/home/uynq/tensorflow/object_detection_retraining-master/images/7.jpg</path>
	<source>
		<database>Unknown</database>
	</source>
	<size>
		<width>600</width>
		<height>480</height>
		<depth>3</depth>
	</size>
	<segmented>0</segmented>
	<object>
		<name>plate</name>
		<pose>Unspecified</pose>
		<truncated>0</truncated>
		<difficult>0</difficult>
		<bndbox>
			<xmin>186</xmin>
			<ymin>208</ymin>
			<xmax>388</xmax>
			<ymax>354</ymax>
		</bndbox>
	</object>
</annotation>
